{
  "k": 10,
  "query_count": 20,
  "macro_avg": {
    "coverage@k": 0.8875,
    "diversity_entropy@k": 0.7918022335061689
  },
  "per_query": {
    "q1": {
      "query": "women in academia mentoring",
      "coverage@k": 1.0,
      "theme_distribution@k": {
        "individual_characteristics": 0.391304347826087,
        "career_pathway": 0.391304347826087,
        "research_funding_process": 0.13043478260869565,
        "organisational_culture": 0.08695652173913043
      },
      "diversity_entropy@k": 0.8745301621997
    },
    "q2": {
      "query": "research funding bias mitigation",
      "coverage@k": 1.0,
      "theme_distribution@k": {
        "individual_characteristics": 0.34782608695652173,
        "career_pathway": 0.17391304347826086,
        "research_funding_process": 0.08695652173913043,
        "organisational_culture": 0.391304347826087
      },
      "diversity_entropy@k": 0.9024478255724018
    },
    "q3": {
      "query": "inclusive language policy review",
      "coverage@k": 0.75,
      "theme_distribution@k": {
        "individual_characteristics": 0.07142857142857142,
        "career_pathway": 0.2857142857142857,
        "research_funding_process": 0.0,
        "organisational_culture": 0.6428571428571429
      },
      "diversity_entropy@k": 0.5990587105652017
    },
    "q4": {
      "query": "neurodiversity accessible workspaces",
      "coverage@k": 0.75,
      "theme_distribution@k": {
        "individual_characteristics": 0.3684210526315789,
        "career_pathway": 0.10526315789473684,
        "research_funding_process": 0.0,
        "organisational_culture": 0.5263157894736842
      },
      "diversity_entropy@k": 0.679996246109244
    },
    "q5": {
      "query": "recruitment strategies diverse leadership",
      "coverage@k": 0.75,
      "theme_distribution@k": {
        "individual_characteristics": 0.0,
        "career_pathway": 0.375,
        "research_funding_process": 0.0625,
        "organisational_culture": 0.5625
      },
      "diversity_entropy@k": 0.6237781244591328
    },
    "q6": {
      "query": "mentorship programmes for women researchers",
      "coverage@k": 1.0,
      "theme_distribution@k": {
        "individual_characteristics": 0.4090909090909091,
        "career_pathway": 0.36363636363636365,
        "research_funding_process": 0.13636363636363635,
        "organisational_culture": 0.09090909090909091
      },
      "diversity_entropy@k": 0.8823473430653697
    },
    "q7": {
      "query": "sponsorship for underrepresented academics",
      "coverage@k": 1.0,
      "theme_distribution@k": {
        "individual_characteristics": 0.34782608695652173,
        "career_pathway": 0.391304347826087,
        "research_funding_process": 0.17391304347826086,
        "organisational_culture": 0.08695652173913043
      },
      "diversity_entropy@k": 0.9024478255724018
    },
    "q8": {
      "query": "career progression promotion equity in universities",
      "coverage@k": 1.0,
      "theme_distribution@k": {
        "individual_characteristics": 0.2222222222222222,
        "career_pathway": 0.3888888888888889,
        "research_funding_process": 0.05555555555555555,
        "organisational_culture": 0.3333333333333333
      },
      "diversity_entropy@k": 0.8860386268675405
    },
    "q9": {
      "query": "retaining diverse talent academic staff retention",
      "coverage@k": 1.0,
      "theme_distribution@k": {
        "individual_characteristics": 0.05263157894736842,
        "career_pathway": 0.42105263157894735,
        "research_funding_process": 0.05263157894736842,
        "organisational_culture": 0.47368421052631576
      },
      "diversity_entropy@k": 0.7416130984854556
    },
    "q10": {
      "query": "inclusive leadership development training for managers",
      "coverage@k": 0.75,
      "theme_distribution@k": {
        "individual_characteristics": 0.14285714285714285,
        "career_pathway": 0.35714285714285715,
        "research_funding_process": 0.0,
        "organisational_culture": 0.5
      },
      "diversity_entropy@k": 0.7157801421416577
    },
    "q11": {
      "query": "age discrimination policy workplace guidance",
      "coverage@k": 1.0,
      "theme_distribution@k": {
        "individual_characteristics": 0.0625,
        "career_pathway": 0.375,
        "research_funding_process": 0.0625,
        "organisational_culture": 0.5
      },
      "diversity_entropy@k": 0.7653195311147832
    },
    "q12": {
      "query": "disability reasonable adjustments workplace",
      "coverage@k": 0.5,
      "theme_distribution@k": {
        "individual_characteristics": 0.4117647058823529,
        "career_pathway": 0.0,
        "research_funding_process": 0.0,
        "organisational_culture": 0.5882352941176471
      },
      "diversity_entropy@k": 0.4887089087640858
    },
    "q13": {
      "query": "support for autism and ADHD staff at work",
      "coverage@k": 0.75,
      "theme_distribution@k": {
        "individual_characteristics": 0.3333333333333333,
        "career_pathway": 0.16666666666666666,
        "research_funding_process": 0.0,
        "organisational_culture": 0.5
      },
      "diversity_entropy@k": 0.7295739585136225
    },
    "q14": {
      "query": "pregnancy maternity return to work support policy",
      "coverage@k": 1.0,
      "theme_distribution@k": {
        "individual_characteristics": 0.1875,
        "career_pathway": 0.25,
        "research_funding_process": 0.125,
        "organisational_culture": 0.4375
      },
      "diversity_entropy@k": 0.9248008763572907
    },
    "q15": {
      "query": "LGBTQ+ inclusion and sexuality inclusion workplace",
      "coverage@k": 0.75,
      "theme_distribution@k": {
        "individual_characteristics": 0.23529411764705882,
        "career_pathway": 0.23529411764705882,
        "research_funding_process": 0.0,
        "organisational_culture": 0.5294117647058824
      },
      "diversity_entropy@k": 0.7340453908316165
    },
    "q16": {
      "query": "transgender inclusion gender identity support workplace",
      "coverage@k": 0.75,
      "theme_distribution@k": {
        "individual_characteristics": 0.23529411764705882,
        "career_pathway": 0.23529411764705882,
        "research_funding_process": 0.0,
        "organisational_culture": 0.5294117647058824
      },
      "diversity_entropy@k": 0.7340453908316165
    },
    "q17": {
      "query": "social mobility widening participation first generation academics",
      "coverage@k": 1.0,
      "theme_distribution@k": {
        "individual_characteristics": 0.17647058823529413,
        "career_pathway": 0.35294117647058826,
        "research_funding_process": 0.11764705882352941,
        "organisational_culture": 0.35294117647058826
      },
      "diversity_entropy@k": 0.9327185526599537
    },
    "q18": {
      "query": "peer review reviewer bias equitable peer review guidance",
      "coverage@k": 1.0,
      "theme_distribution@k": {
        "individual_characteristics": 0.2608695652173913,
        "career_pathway": 0.21739130434782608,
        "research_funding_process": 0.13043478260869565,
        "organisational_culture": 0.391304347826087
      },
      "diversity_entropy@k": 0.9486586303348536
    },
    "q19": {
      "query": "review panel diversity committee diversity funding decisions",
      "coverage@k": 1.0,
      "theme_distribution@k": {
        "individual_characteristics": 0.15,
        "career_pathway": 0.35,
        "research_funding_process": 0.15,
        "organisational_culture": 0.35
      },
      "diversity_entropy@k": 0.9406454496153464
    },
    "q20": {
      "query": "bullying microaggressions prevention civility at work policy",
      "coverage@k": 1.0,
      "theme_distribution@k": {
        "individual_characteristics": 0.23529411764705882,
        "career_pathway": 0.17647058823529413,
        "research_funding_process": 0.058823529411764705,