{
  "k": 20,
  "macro_avg": {
    "P@20": 0.15416666666666667,
    "R@20": 0.625362872421696,
    "F1@20": 0.21789440292228154,
    "MAP@20": 0.2928902994028841,
    "nDCG@20": 0.46884808254685734,
    "num_queries_used": 24
  },
  "per_query": {
    "q2": {
      "query": "research funding bias mitigation",
      "P@20": 0.3,
      "R@20": 0.8571428571428571,
      "F1@20": 0.4444444444444444,
      "AP@20": 0.5194368656553531,
      "nDCG@20": 0.761980099030333,
      "retrieved@k": 20,
      "relevant_total": 7,
      "hits@k": 6
    },
    "q3": {
      "query": "inclusive language policy review",
      "P@20": 0.2,
      "R@20": 0.3333333333333333,
      "F1@20": 0.25,
      "AP@20": 0.25833333333333336,
      "nDCG@20": 0.4581516505544928,
      "retrieved@k": 20,
      "relevant_total": 12,
      "hits@k": 4
    },
    "q4": {
      "query": "neurodiversity accessible workspaces",
      "P@20": 0.35,
      "R@20": 0.4117647058823529,
      "F1@20": 0.37837837837837834,
      "AP@20": 0.29736407383466207,
      "nDCG@20": 0.5165521970548733,
      "retrieved@k": 20,
      "relevant_total": 17,
      "hits@k": 7
    },
    "q5": {
      "query": "recruitment strategies diverse leadership",
      "P@20": 0.45,
      "R@20": 0.5294117647058824,
      "F1@20": 0.48648648648648646,
      "AP@20": 0.33610410108315775,
      "nDCG@20": 0.5704490375889434,
      "retrieved@k": 20,
      "relevant_total": 17,
      "hits@k": 9
    },
    "q8": {
      "query": "career progression promotion equity in universities",
      "P@20": 0.25,
      "R@20": 0.5,
      "F1@20": 0.3333333333333333,
      "AP@20": 0.09547799981236513,
      "nDCG@20": 0.2831640215688152,
      "retrieved@k": 20,
      "relevant_total": 10,
      "hits@k": 5
    },
    "q9": {
      "query": "retaining diverse talent academic staff retention",
      "P@20": 0.1,
      "R@20": 1.0,
      "F1@20": 0.18181818181818182,
      "AP@20": 0.2777777777777778,
      "nDCG@20": 0.4911492931622974,
      "retrieved@k": 20,
      "relevant_total": 2,
      "hits@k": 2
    },
    "q10": {
      "query": "inclusive leadership development training for managers",
      "P@20": 0.15,
      "R@20": 0.3,
      "F1@20": 0.2,
      "AP@20": 0.21578947368421053,
      "nDCG@20": 0.4098786497888598,
      "retrieved@k": 20,
      "relevant_total": 10,
      "hits@k": 3
    },
    "q11": {
      "query": "age discrimination policy workplace guidance",
      "P@20": 0.05,
      "R@20": 1.0,
      "F1@20": 0.09523809523809523,
      "AP@20": 0.058823529411764705,
      "nDCG@20": 0.23981246656813146,
      "retrieved@k": 20,
      "relevant_total": 1,
      "hits@k": 1
    },
    "q13": {
      "query": "support for autism and ADHD staff at work",
      "P@20": 0.05,
      "R@20": 1.0,
      "F1@20": 0.09523809523809523,
      "AP@20": 1.0,
      "nDCG@20": 1.0,
      "retrieved@k": 20,
      "relevant_total": 1,
      "hits@k": 1
    },
    "q14": {
      "query": "pregnancy maternity return to work support policy",
      "P@20": 0.15,
      "R@20": 1.0,
      "F1@20": 0.2608695652173913,
      "AP@20": 0.1638888888888889,
      "nDCG@20": 0.40682348222246795,
      "retrieved@k": 20,
      "relevant_total": 3,
      "hits@k": 3
    },
    "q16": {
      "query": "transgender inclusion gender identity support workplace",
      "P@20": 0.05,
      "R@20": 1.0,
      "F1@20": 0.09523809523809523,
      "AP@20": 0.3333333333333333,
      "nDCG@20": 0.5,
      "retrieved@k": 20,
      "relevant_total": 1,
      "hits@k": 1
    },
    "q18": {
      "query": "peer review reviewer bias equitable peer review guidance",
      "P@20": 0.1,
      "R@20": 0.6666666666666666,
      "F1@20": 0.1739130434782609,
      "AP@20": 0.4666666666666666,
      "nDCG@20": 0.6508205185601091,
      "retrieved@k": 20,
      "relevant_total": 3,
      "hits@k": 2
    },
    "q19": {
      "query": "review panel diversity committee diversity funding decisions",
      "P@20": 0.25,
      "R@20": 0.8333333333333334,
      "F1@20": 0.3846153846153846,
      "AP@20": 0.4474358974358974,
      "nDCG@20": 0.7026284353053963,
      "retrieved@k": 20,
      "relevant_total": 6,
      "hits@k": 5
    },
    "q20": {
      "query": "bullying microaggressions prevention civility at work policy",
      "P@20": 0.15,
      "R@20": 0.3,
      "F1@20": 0.2,
      "AP@20": 0.24285714285714283,
      "nDCG@20": 0.43231813227099475,
      "retrieved@k": 20,
      "relevant_total": 10,
      "hits@k": 3
    },
    "q22": {
      "query": "religion belief accommodation workplace policy",
      "P@20": 0.05,
      "R@20": 0.5,
      "F1@20": 0.09090909090909091,
      "AP@20": 0.16666666666666666,
      "nDCG@20": 0.3065735963827292,
      "retrieved@k": 20,
      "relevant_total": 2,
      "hits@k": 1
    },
    "q23": {
      "query": "temporary impairment support workplace adjustments",
      "P@20": 0.05,
      "R@20": 1.0,
      "F1@20": 0.09523809523809523,
      "AP@20": 0.1111111111111111,
      "nDCG@20": 0.3010299956639812,
      "retrieved@k": 20,
      "relevant_total": 1,
      "hits@k": 1
    },
    "q25": {
      "query": "leadership pipeline development underrepresented groups",
      "P@20": 0.25,
      "R@20": 0.35714285714285715,
      "F1@20": 0.2941176470588235,
      "AP@20": 0.13232990564646913,
      "nDCG@20": 0.3539397978839363,
      "retrieved@k": 20,
      "relevant_total": 14,
      "hits@k": 5
    },
    "q26": {
      "query": "career sponsorship schemes women academics",
      "P@20": 0.2,
      "R@20": 0.5714285714285714,
      "F1@20": 0.29629629629629634,
      "AP@20": 0.2619047619047619,
      "nDCG@20": 0.4416147198755056,
      "retrieved@k": 20,
      "relevant_total": 7,
      "hits@k": 4
    },
    "q27": {
      "query": "grant application bias reduction strategies",
      "P@20": 0.25,
      "R@20": 0.8333333333333334,
      "F1@20": 0.3846153846153846,
      "AP@20": 0.48005050505050506,
      "nDCG@20": 0.71617229887882,
      "retrieved@k": 20,
      "relevant_total": 6,
      "hits@k": 5
    },
    "q28": {
      "query": "transparent funding allocation processes",
      "P@20": 0.1,
      "R@20": 1.0,
      "F1@20": 0.18181818181818182,
      "AP@20": 0.7,
      "nDCG@20": 0.8503449055347546,
      "retrieved@k": 20,
      "relevant_total": 2,
      "hits@k": 2
    },
    "q29": {
      "query": "inclusive peer review training guidance",
      "P@20": 0.05,
      "R@20": 0.3333333333333333,
      "F1@20": 0.08695652173913045,
      "AP@20": 0.3333333333333333,
      "nDCG@20": 0.46927872602275644,
      "retrieved@k": 20,
      "relevant_total": 3,
      "hits@k": 1
    },
    "q30": {
      "query": "inclusive policy reform institutional change",
      "P@20": 0.1,
      "R@20": 0.18181818181818182,
      "F1@20": 0.12903225806451613,
      "AP@20": 0.06818181818181818,
      "nDCG@20": 0.19624555358910703,
      "retrieved@k": 20,
      "relevant_total": 11,
      "hits@k": 2
    },
    "q31": {
      "query": "work life balance academic staff support",
      "P@20": 0.0,
      "R@20": 0.0,
      "F1@20": 0.0,
      "AP@20": 0.0,
      "nDCG@20": 0.0,
      "retrieved@k": 20,
      "relevant_total": 2,
      "hits@k": 0
    },
    "q32": {
      "query": "data monitoring diversity metrics workplace",
      "P@20": 0.05,
      "R@20": 0.5,
      "F1@20": 0.09090909090909091,
      "AP@20": 0.0625,
      "nDCG@20": 0.19342640361727081,
      "retrieved@k": 20,
      "relevant_total": 2,
      "hits@k": 1
    }
  }
}