{
  "k": 20,
  "query_count": 32,
  "macro_avg": {
    "coverage@k": 0.953125,
    "diversity_entropy@k": 0.8459816117240281
  },
  "per_query": {
    "q1": {
      "query": "women in academia mentoring",
      "coverage@k": 1.0,
      "theme_distribution@k": {
        "individual_characteristics": 0.3448275862068966,
        "career_pathway": 0.3448275862068966,
        "research_funding_process": 0.06896551724137931,
        "organisational_culture": 0.2413793103448276
      },
      "diversity_entropy@k": 0.910196594940502
    },
    "q2": {
      "query": "research funding bias mitigation",
      "coverage@k": 1.0,
      "theme_distribution@k": {
        "individual_characteristics": 0.2857142857142857,
        "career_pathway": 0.2857142857142857,
        "research_funding_process": 0.2,
        "organisational_culture": 0.22857142857142856
      },
      "diversity_entropy@k": 0.9919265605846193
    },
    "q3": {
      "query": "inclusive language policy review",
      "coverage@k": 0.75,
      "theme_distribution@k": {
        "individual_characteristics": 0.1111111111111111,
        "career_pathway": 0.2222222222222222,
        "research_funding_process": 0.0,
        "organisational_culture": 0.6666666666666666
      },
      "diversity_entropy@k": 0.6121972227029931
    },
    "q4": {
      "query": "neurodiversity accessible workspaces",
      "coverage@k": 1.0,
      "theme_distribution@k": {
        "individual_characteristics": 0.2916666666666667,
        "career_pathway": 0.16666666666666666,
        "research_funding_process": 0.041666666666666664,
        "organisational_culture": 0.5
      },
      "diversity_entropy@k": 0.8201680323802217
    },
    "q5": {
      "query": "recruitment strategies diverse leadership",
      "coverage@k": 1.0,
      "theme_distribution@k": {
        "individual_characteristics": 0.047619047619047616,
        "career_pathway": 0.38095238095238093,
        "research_funding_process": 0.047619047619047616,
        "organisational_culture": 0.5238095238095238
      },
      "diversity_entropy@k": 0.7186885255558024
    },
    "q6": {
      "query": "mentorship programmes for women researchers",
      "coverage@k": 1.0,
      "theme_distribution@k": {
        "individual_characteristics": 0.3548387096774194,
        "career_pathway": 0.3225806451612903,
        "research_funding_process": 0.0967741935483871,
        "organisational_culture": 0.22580645161290322
      },
      "diversity_entropy@k": 0.9338820147022991
    },
    "q7": {
      "query": "sponsorship for underrepresented academics",
      "coverage@k": 1.0,
      "theme_distribution@k": {
        "individual_characteristics": 0.25,
        "career_pathway": 0.2857142857142857,
        "research_funding_process": 0.14285714285714285,
        "organisational_culture": 0.32142857142857145
      },
      "diversity_entropy@k": 0.9718772919683727
    },
    "q8": {
      "query": "career progression promotion equity in universities",
      "coverage@k": 1.0,
      "theme_distribution@k": {
        "individual_characteristics": 0.25806451612903225,
        "career_pathway": 0.3225806451612903,
        "research_funding_process": 0.12903225806451613,
        "organisational_culture": 0.2903225806451613
      },
      "diversity_entropy@k": 0.965023865486108
    },
    "q9": {
      "query": "retaining diverse talent academic staff retention",
      "coverage@k": 1.0,
      "theme_distribution@k": {
        "individual_characteristics": 0.1111111111111111,
        "career_pathway": 0.3333333333333333,
        "research_funding_process": 0.14814814814814814,
        "organisational_culture": 0.4074074074074074
      },
      "diversity_entropy@k": 0.9082222636714649
    },
    "q10": {
      "query": "inclusive leadership development training for managers",
      "coverage@k": 1.0,
      "theme_distribution@k": {
        "individual_characteristics": 0.05263157894736842,
        "career_pathway": 0.3157894736842105,
        "research_funding_process": 0.05263157894736842,
        "organisational_culture": 0.5789473684210527
      },
      "diversity_entropy@k": 0.7143973670023926
    },
    "q11": {
      "query": "age discrimination policy workplace guidance",
      "coverage@k": 1.0,
      "theme_distribution@k": {
        "individual_characteristics": 0.16,
        "career_pathway": 0.28,
        "research_funding_process": 0.04,
        "organisational_culture": 0.52
      },
      "diversity_entropy@k": 0.8067840790826138
    },
    "q12": {
      "query": "disability reasonable adjustments workplace",
      "coverage@k": 1.0,
      "theme_distribution@k": {
        "individual_characteristics": 0.3333333333333333,
        "career_pathway": 0.125,
        "research_funding_process": 0.041666666666666664,
        "organisational_culture": 0.5
      },
      "diversity_entropy@k": 0.7971804688852168
    },
    "q13": {
      "query": "support for autism and ADHD staff at work",
      "coverage@k": 0.75,
      "theme_distribution@k": {
        "individual_characteristics": 0.34782608695652173,
        "career_pathway": 0.08695652173913043,
        "research_funding_process": 0.0,
        "organisational_culture": 0.5652173913043478
      },
      "diversity_entropy@k": 0.6507871446408064
    },
    "q14": {
      "query": "pregnancy maternity return to work support policy",
      "coverage@k": 1.0,
      "theme_distribution@k": {
        "individual_characteristics": 0.2,
        "career_pathway": 0.24,
        "research_funding_process": 0.12,
        "organisational_culture": 0.44
      },
      "diversity_entropy@k": 0.9233670791686127
    },
    "q15": {
      "query": "LGBTQ+ inclusion and sexuality inclusion workplace",
      "coverage@k": 1.0,
      "theme_distribution@k": {
        "individual_characteristics": 0.13636363636363635,
        "career_pathway": 0.22727272727272727,
        "research_funding_process": 0.045454545454545456,
        "organisational_culture": 0.5909090909090909
      },
      "diversity_entropy@k": 0.7644829840360469
    },
    "q16": {
      "query": "transgender inclusion gender identity support workplace",
      "coverage@k": 1.0,
      "theme_distribution@k": {
        "individual_characteristics": 0.16666666666666666,
        "career_pathway": 0.25,
        "research_funding_process": 0.041666666666666664,
        "organisational_culture": 0.5416666666666666
      },
      "diversity_entropy@k": 0.8004918474405545
    },
    "q17": {
      "query": "social mobility widening participation first generation academics",
      "coverage@k": 1.0,
      "theme_distribution@k": {
        "individual_characteristics": 0.19230769230769232,
        "career_pathway": 0.38461538461538464,
        "research_funding_process": 0.07692307692307693,
        "organisational_culture": 0.34615384615384615
      },
      "diversity_entropy@k": 0.9010228122187915
    },
    "q18": {
      "query": "peer review reviewer bias equitable peer review guidance",
      "coverage@k": 1.0,
      "theme_distribution@k": {
        "individual_characteristics": 0.25,
        "career_pathway": 0.28125,
        "research_funding_process": 0.15625,
        "organisational_culture": 0.3125
      },
      "diversity_entropy@k": 0.9787773994329493
    },
    "q19": {
      "query": "review panel diversity committee diversity funding decisions",
      "coverage@k": 1.0,
      "theme_distribution@k": {
        "individual_characteristics": 0.2,
        "career_pathway": 0.3,
        "research_funding_process": 0.2,
        "organisational_culture": 0.3
      },
      "diversity_entropy@k": 0.9854752972273345
    },
    "q20": {
      "query": "bullying microaggressions prevention civility at work policy",
      "coverage@k": 0.75,
      "theme_distribution@k": {
        "individual_characteristics": 0.16666666666666666,
        "career_pathway": 0.2222222222222222,
        "research_funding_process": 0.0,