{
  "k": 20,
  "macro_avg": {
    "P@20": 0.1855072463768116,
    "R@20": 0.5590671051029108,
    "F1@20": 0.24206484812512682,
    "MAP@20": 0.29822365069807527,
    "nDCG@20": 0.4567829508306534,
    "num_queries_used": 23
  },
  "per_query": {
    "q2": {
      "query": "research funding bias mitigation",
      "P@20": 0.4,
      "R@20": 0.8571428571428571,
      "F1@20": 0.5454545454545455,
      "AP@20": 0.588126159554731,
      "nDCG@20": 0.793974252982922,
      "retrieved@k": 15,
      "relevant_total": 7,
      "hits@k": 6
    },
    "q3": {
      "query": "inclusive language policy review",
      "P@20": 0.26666666666666666,
      "R@20": 0.3333333333333333,
      "F1@20": 0.2962962962962963,
      "AP@20": 0.23941798941798942,
      "nDCG@20": 0.4448082736736131,
      "retrieved@k": 15,
      "relevant_total": 12,
      "hits@k": 4
    },
    "q4": {
      "query": "neurodiversity accessible workspaces",
      "P@20": 0.5333333333333333,
      "R@20": 0.47058823529411764,
      "F1@20": 0.5,
      "AP@20": 0.3683155080213904,
      "nDCG@20": 0.5772659121173108,
      "retrieved@k": 15,
      "relevant_total": 17,
      "hits@k": 8
    },
    "q5": {
      "query": "recruitment strategies diverse leadership",
      "P@20": 0.4666666666666667,
      "R@20": 0.4117647058823529,
      "F1@20": 0.43749999999999994,
      "AP@20": 0.3052036199095023,
      "nDCG@20": 0.5082803301840345,
      "retrieved@k": 15,
      "relevant_total": 17,
      "hits@k": 7
    },
    "q8": {
      "query": "career progression promotion equity in universities",
      "P@20": 0.13333333333333333,
      "R@20": 0.2,
      "F1@20": 0.16,
      "AP@20": 0.026666666666666665,
      "nDCG@20": 0.12309798092799387,
      "retrieved@k": 15,
      "relevant_total": 10,
      "hits@k": 2
    },
    "q9": {
      "query": "retaining diverse talent academic staff retention",
      "P@20": 0.13333333333333333,
      "R@20": 1.0,
      "F1@20": 0.23529411764705882,
      "AP@20": 0.25,
      "nDCG@20": 0.45749452618986164,
      "retrieved@k": 15,
      "relevant_total": 2,
      "hits@k": 2
    },
    "q10": {
      "query": "inclusive leadership development training for managers",
      "P@20": 0.13333333333333333,
      "R@20": 0.2,
      "F1@20": 0.16,
      "AP@20": 0.15,
      "nDCG@20": 0.31488013066763093,
      "retrieved@k": 15,
      "relevant_total": 10,
      "hits@k": 2
    },
    "q11": {
      "query": "age discrimination policy workplace guidance",
      "P@20": 0.0,
      "R@20": 0.0,
      "F1@20": 0.0,
      "AP@20": 0.0,
      "nDCG@20": 0.0,
      "retrieved@k": 15,
      "relevant_total": 1,
      "hits@k": 0
    },
    "q13": {
      "query": "support for autism and ADHD staff at work",
      "P@20": 0.06666666666666667,
      "R@20": 1.0,
      "F1@20": 0.125,
      "AP@20": 1.0,
      "nDCG@20": 1.0,
      "retrieved@k": 15,
      "relevant_total": 1,
      "hits@k": 1
    },
    "q14": {
      "query": "pregnancy maternity return to work support policy",
      "P@20": 0.06666666666666667,
      "R@20": 0.3333333333333333,
      "F1@20": 0.1111111111111111,
      "AP@20": 0.05555555555555555,
      "nDCG@20": 0.16716045496620227,
      "retrieved@k": 15,
      "relevant_total": 3,
      "hits@k": 1
    },
    "q16": {
      "query": "transgender inclusion gender identity support workplace",
      "P@20": 0.06666666666666667,
      "R@20": 1.0,
      "F1@20": 0.125,
      "AP@20": 0.25,
      "nDCG@20": 0.43067655807339306,
      "retrieved@k": 15,
      "relevant_total": 1,
      "hits@k": 1
    },
    "q18": {
      "query": "peer review reviewer bias equitable peer review guidance",
      "P@20": 0.13333333333333333,
      "R@20": 0.6666666666666666,
      "F1@20": 0.2222222222222222,
      "AP@20": 0.5555555555555555,
      "nDCG@20": 0.7039180890341347,
      "retrieved@k": 15,
      "relevant_total": 3,
      "hits@k": 2
    },
    "q19": {
      "query": "review panel diversity committee diversity funding decisions",
      "P@20": 0.3333333333333333,
      "R@20": 0.8333333333333334,
      "F1@20": 0.47619047619047616,
      "AP@20": 0.44289044289044294,
      "nDCG@20": 0.6995655297864883,
      "retrieved@k": 15,
      "relevant_total": 6,
      "hits@k": 5
    },
    "q20": {
      "query": "bullying microaggressions prevention civility at work policy",
      "P@20": 0.26666666666666666,
      "R@20": 0.4,
      "F1@20": 0.32,
      "AP@20": 0.2988095238095238,
      "nDCG@20": 0.49828993591603105,
      "retrieved@k": 15,
      "relevant_total": 10,
      "hits@k": 4
    },
    "q22": {
      "query": "religion belief accommodation workplace policy",
      "P@20": 0.06666666666666667,
      "R@20": 0.5,
      "F1@20": 0.11764705882352941,
      "AP@20": 0.16666666666666666,
      "nDCG@20": 0.3065735963827292,
      "retrieved@k": 15,
      "relevant_total": 2,
      "hits@k": 1
    },
    "q23": {
      "query": "temporary impairment support workplace adjustments",
      "P@20": 0.06666666666666667,
      "R@20": 1.0,
      "F1@20": 0.125,
      "AP@20": 0.07692307692307693,
      "nDCG@20": 0.26264953503719357,
      "retrieved@k": 15,
      "relevant_total": 1,
      "hits@k": 1
    },
    "q25": {
      "query": "leadership pipeline development underrepresented groups",
      "P@20": 0.2,
      "R@20": 0.21428571428571427,
      "F1@20": 0.20689655172413796,
      "AP@20": 0.1021978021978022,
      "nDCG@20": 0.2765314790500121,
      "retrieved@k": 15,
      "relevant_total": 14,
      "hits@k": 3
    },
    "q26": {
      "query": "career sponsorship schemes women academics",
      "P@20": 0.26666666666666666,
      "R@20": 0.5714285714285714,
      "F1@20": 0.36363636363636365,
      "AP@20": 0.20090702947845804,
      "nDCG@20": 0.3786210719902813,
      "retrieved@k": 15,
      "relevant_total": 7,
      "hits@k": 4
    },
    "q27": {
      "query": "grant application bias reduction strategies",
      "P@20": 0.3333333333333333,
      "R@20": 0.8333333333333334,
      "F1@20": 0.47619047619047616,
      "AP@20": 0.43607503607503606,
      "nDCG@20": 0.6831395618735039,
      "retrieved@k": 15,
      "relevant_total": 6,
      "hits@k": 5
    },
    "q28": {
      "query": "transparent funding allocation processes",
      "P@20": 0.13333333333333333,
      "R@20": 1.0,
      "F1@20": 0.23529411764705882,
      "AP@20": 0.75,
      "nDCG@20": 0.8772153153380493,
      "retrieved@k": 15,
      "relevant_total": 2,
      "hits@k": 2
    },
    "q29": {
      "query": "inclusive peer review training guidance",
      "P@20": 0.06666666666666667,
      "R@20": 0.3333333333333333,
      "F1@20": 0.1111111111111111,
      "AP@20": 0.3333333333333333,
      "nDCG@20": 0.46927872602275644,
      "retrieved@k": 15,
      "relevant_total": 3,
      "hits@k": 1
    },
    "q30": {
      "query": "inclusive policy reform institutional change",
      "P@20": 0.06666666666666667,
      "R@20": 0.2,
      "F1@20": 0.1,
      "AP@20": 0.2,
      "nDCG@20": 0.3391602052736161,
      "retrieved@k": 15,
      "relevant_total": 5,
      "hits@k": 1
    },
    "q32": {
      "query": "data monitoring diversity metrics workplace",
      "P@20": 0.06666666666666667,
      "R@20": 0.5,
      "F1@20": 0.11764705882352941,
      "AP@20": 0.0625,
      "nDCG@20": 0.19342640361727081,
      "retrieved@k": 15,
      "relevant_total": 2,
      "hits@k": 1
    }
  }
}